<?xml version="1.0" encoding="UTF-8"?>
<!DOCTYPE hibernate-configuration PUBLIC "-//Hibernate/Hibernate Configuration DTD 3.0//EN" "http://hibernate.sourceforge.net/hibernate-configuration-3.0.dtd">
<hibernate-configuration>
    <session-factory>
    <!-- Oracle dialect -->
     <property name="hibernate.dialect">org.hibernate.dialect.OracleDialect</property>
    <!-- Database connection settings -->
     <property name="hibernate.connection.driver_class">oracle.jdbc.driver.OracleDriver</property>
     <property name="hibernate.connection.url">jdbc:oracle:thin:@localhost:1521:xe</property>
     <property name="hibernate.connection.username">SYSTEM</property>
     <property name="hibernate.connection.password">oracle</property>
    <!-- Echo all executed SQL to stdout -->
     <property name="hibernate.show_sql">true</property>
     <property name="hibernate.hbm2ddl.auto">update</property>
    <!-- Enable Hibernate's automatic session context management -->
     <property name="hibernate.current_session_context_class">thread</property>
      <mapping class="com.wipro.school.bean.AdminBean"/>
      <mapping class="com.wipro.school.bean.AluminiBean"/>
      <mapping class="com.wipro.school.bean.CoursesBean"/>
      <mapping class="com.wipro.school.bean.EmployeeBean"/>
      <mapping class="com.wipro.school.bean.FeesBean"/>
      <mapping class="com.wipro.school.bean.FeesTypeBean"/>
      <mapping class="com.wipro.school.bean.MessageBean"/>
      <mapping class="com.wipro.school.bean.NewsFeedBean"/>
      <mapping class="com.wipro.school.bean.StudentAttendanceBean"/>
      <mapping class="com.wipro.school.bean.StudentBean"/>
      <mapping class="com.wipro.school.bean.TimeTableBean"/>
      <mapping class="com.wipro.school.bean.MaterialBean"/>
    </session-factory>
</hibernate-configuration>